{
  "chars": 1646.7676767676767,
  "chars:std": 931.8761658343656,
  "score:std": 0.4990808815757758,
  "ECE": 0.4564374089241028,
  "score": 0.4696969696969697
}