{
  "chars": 2051.777777777778,
  "chars:std": 1454.2198405181655,
  "score:std": 0.497442700090656,
  "ECE": 0.4401967525482178,
  "score": 0.4494949494949495
}