{
  "chars": 3719.0,
  "chars:std": 649.9430744303688,
  "score:std": 0.4714045207910317,
  "ECE": 0.3240416347980499,
  "score": 0.3333333333333333
}