{
  "chars": 1655.1363636363637,
  "chars:std": 934.2848324101303,
  "score:std": 0.4990808815757758,
  "ECE": 0.4603080749511719,
  "score": 0.4696969696969697
}