{
  "chars": 2256.53,
  "chars:std": 1371.3465386619096,
  "score:std": 0.49839743177508444,
  "verbal_ece": 0.3925999701023102,
  "score": 0.46
}