{
  "chars": 4141.0,
  "chars:std": 2683.144548224465,
  "score:std": 0.4714045207910317,
  "ECE": 0.32600000500679016,
  "score": 0.3333333333333333
}