{
  "chars": 1053.7666666666667,
  "chars:std": 504.10519294642813,
  "score:std": 0.48189440982669857,
  "ECE": 0.43133336305618286,
  "score": 0.36666666666666664
}