{
  "chars": 3584.3333333333335,
  "chars:std": 1154.4991217936124,
  "score:std": 0.4714045207910317,
  "ECE": 0.32500001788139343,
  "score": 0.3333333333333333
}