{
  "chars": 6.05,
  "chars:std": 1.8781639970992947,
  "score:std": 0.4898979485566356,
  "verbal_ece": 0.4812999665737152,
  "score": 0.4
}