{
  "chars": 6133.0,
  "chars:std": 1768.6271399025857,
  "score:std": 0.4918333050943175,
  "verbal_ece": 0.12620000541210175,
  "score": 0.41
}