{
  "chars": 43.03,
  "chars:std": 0.17058722109231986,
  "score:std": 0.49749371855331,
  "verbal_ece": 0.424000084400177,
  "score": 0.45
}