{
  "chars": 1509.12,
  "chars:std": 470.67541427187376,
  "score:std": 0.4828043081829324,
  "verbal_ece": 0.4974999725818634,
  "score": 0.37
}