{
  "chars": 6245.24,
  "chars:std": 1680.8054207432817,
  "score:std": 0.4737087712930805,
  "verbal_ece": 0.07279999554157257,
  "score": 0.34
}