{
  "chars": 2855.65,
  "chars:std": 1044.8689618799096,
  "score:std": 0.4737087712930805,
  "verbal_ece": 0.21870002150535583,
  "score": 0.66
}