{
  "chars": 1649.878787878788,
  "chars:std": 878.1215922423085,
  "score:std": 0.4963133137623999,
  "ECE": 0.4264959394931793,
  "score": 0.4393939393939394
}