{
  "chars": 1949.020202020202,
  "chars:std": 1166.5003516068691,
  "score:std": 0.49690399499995336,
  "ECE": 0.42595961689949036,
  "score": 0.4444444444444444
}