{
  "chars": 42.52,
  "chars:std": 1.7690675509996785,
  "score:std": 0.4918333050943174,
  "verbal_ece": 0.421500027179718,
  "score": 0.41
}