{
  "chars": 3325.3333333333335,
  "chars:std": 775.4243282802577,
  "score:std": 0.4714045207910317,
  "ECE": 0.3293333351612091,
  "score": 0.3333333333333333
}