{
  "chars": 1592.5,
  "chars:std": 741.405004915081,
  "score:std": 0.4934268477455547,
  "ECE": 0.40999090671539307,
  "score": 0.41919191919191917
}