{
  "chars": 3202.51,
  "chars:std": 1149.9030436954238,
  "score:std": 0.4990991885387111,
  "verbal_ece": 0.40039998292922974,
  "score": 0.47
}