{
  "chars": 1650.2373737373737,
  "chars:std": 948.9075585982124,
  "score:std": 0.49836483977005114,
  "ECE": 0.44623279571533203,
  "score": 0.4595959595959596
}