{
  "chars": 1791.79,
  "chars:std": 1472.737222283731,
  "score:std": 0.49909918853871116,
  "verbal_ece": 0.22640001773834229,
  "score": 0.47
}