{
  "chars": 1516.93,
  "chars:std": 1298.5170099386453,
  "score:std": 0.4330127018922193,
  "verbal_ece": 0.49609997868537903,
  "score": 0.25
}