{
  "chars": 1278.81,
  "chars:std": 482.54530761369966,
  "score:std": 0.4995998398718718,
  "verbal_ece": 0.4475001096725464,
  "score": 0.52
}