{
  "chars": 21.98,
  "chars:std": 38.71820760314196,
  "score:std": 0.48,
  "verbal_ece": 0.33980000019073486,
  "score": 0.36
}