{
  "chars": 1657.8636363636363,
  "chars:std": 879.6780210957292,
  "score:std": 0.4963133137623999,
  "ECE": 0.42128586769104004,
  "score": 0.4393939393939394
}