{
  "chars": 617.6666666666666,
  "chars:std": 813.4086030744669,
  "score:std": 0.4714045207910317,
  "ECE": 0.32466667890548706,
  "score": 0.3333333333333333
}