{
  "chars": 1430.66,
  "chars:std": 1516.461586852763,
  "score:std": 0.4898979485566356,
  "verbal_ece": 0.4083000123500824,
  "score": 0.4
}