{
  "other": 0.6544715447154471,
  "other:std": 0.4755402631462699,
  "score:std": 0.4930628763149787,
  "stem": 0.5,
  "stem:std": 0.5,
  "humanities": 0.5596330275229358,
  "humanities:std": 0.49643116544839205,
  "social_sciences": 0.625615763546798,
  "social_sciences:std": 0.48396351096808415,
  "verbal_ece": 0.18962007761001587,
  "score": 0.583
}