{
  "other": 0.8292682926829268,
  "other:std": 0.3762743565985735,
  "score:std": 0.3833523183704515,
  "stem": 0.8303571428571429,
  "stem:std": 0.3753187420889947,
  "humanities": 0.7828746177370031,
  "humanities:std": 0.41228867391688606,
  "social_sciences": 0.8620689655172413,
  "social_sciences:std": 0.3448275862068966,
  "verbal_ece": 0.10488999634981155,
  "score": 0.821
}