{
  "other": 0.9,
  "other:std": 0.30000000000000004,
  "score:std": 0.3570714214271425,
  "stem": 0.7619047619047619,
  "stem:std": 0.4259177099999599,
  "humanities": 0.8285714285714286,
  "humanities:std": 0.37688302737922635,
  "social_sciences": 0.9166666666666666,
  "social_sciences:std": 0.2763853991962833,
  "verbal_ece": 0.05640006810426712,
  "score": 0.85
}