{
  "other": 0.85,
  "other:std": 0.3570714214271425,
  "score:std": 0.39230090491866065,
  "stem": 0.8095238095238095,
  "stem:std": 0.392676726249301,
  "humanities": 0.7714285714285715,
  "humanities:std": 0.4199125273342591,
  "social_sciences": 0.8333333333333334,
  "social_sciences:std": 0.37267799624996495,
  "verbal_ece": 0.07850003987550735,
  "score": 0.81
}