{
  "other": 0.6,
  "other:std": 0.48989794855663565,
  "score:std": 0.4898979485566356,
  "stem": 1.0,
  "stem:std": 0.0,
  "humanities": 0.5,
  "humanities:std": 0.5,
  "social_sciences": 0.0,
  "social_sciences:std": 0.0,
  "score": 0.6
}