{
  "other": 0.8,
  "other:std": 0.4,
  "score:std": 0.33630343441600474,
  "stem": 0.9047619047619048,
  "stem:std": 0.29354352395090366,
  "humanities": 0.8571428571428571,
  "humanities:std": 0.3499271061118826,
  "social_sciences": 0.9166666666666666,
  "social_sciences:std": 0.2763853991962833,
  "verbal_ece": 0.0958000048995018,
  "score": 0.87
}