{
  "other": 0.2,
  "other:std": 0.4000000000000001,
  "score:std": 0.30000000000000004,
  "stem": 0.0,
  "stem:std": 0.0,
  "humanities": 0.0,
  "humanities:std": 0.0,
  "social_sciences": 0.0,
  "social_sciences:std": 0.0,
  "score": 0.1
}