{
  "other": 0.8699186991869918,
  "other:std": 0.3363928596028813,
  "score:std": 0.32142028560748925,
  "stem": 0.9330357142857143,
  "stem:std": 0.2499601371280253,
  "humanities": 0.8501529051987767,
  "humanities:std": 0.35692148013373537,
  "social_sciences": 0.896551724137931,
  "social_sciences:std": 0.3045434781492361,
  "verbal_ece": 0.06412994861602783,
  "score": 0.883
}