{
  "other": 0.6,
  "other:std": 0.48989794855663565,
  "score:std": 0.4963869458396343,
  "stem": 0.5238095238095238,
  "stem:std": 0.49943278484292924,
  "humanities": 0.5714285714285714,
  "humanities:std": 0.4948716593053935,
  "social_sciences": 0.5416666666666666,
  "social_sciences:std": 0.4982608642958916,
  "score": 0.56
}