{
  "other": 0.8943089430894309,
  "other:std": 0.30744179514128517,
  "score:std": 0.3427885645700568,
  "stem": 0.8839285714285714,
  "stem:std": 0.32031055561878746,
  "humanities": 0.7951070336391437,
  "humanities:std": 0.40362338720235885,
  "social_sciences": 0.916256157635468,
  "social_sciences:std": 0.2770032693499418,
  "verbal_ece": 0.041939981281757355,
  "score": 0.864
}