{
  "other": 0.8252032520325203,
  "other:std": 0.379793160638094,
  "score:std": 0.3938730760029175,
  "stem": 0.7723214285714286,
  "stem:std": 0.41933404290710324,
  "humanities": 0.7798165137614679,
  "humanities:std": 0.41437026754628314,
  "social_sciences": 0.8719211822660099,
  "social_sciences:std": 0.3341775488895888,
  "verbal_ece": 0.09793998301029205,
  "score": 0.808
}