{
  "other": 0.8211382113821138,
  "other:std": 0.38323654469569673,
  "score:std": 0.3969685126052191,
  "stem": 0.7276785714285714,
  "stem:std": 0.44515443175626696,
  "humanities": 0.8103975535168195,
  "humanities:std": 0.39198642676854656,
  "social_sciences": 0.8571428571428571,
  "social_sciences:std": 0.3499271061118826,
  "verbal_ece": 0.11052000522613525,
  "score": 0.804
}