{
  "other": 0.8089430894308943,
  "other:std": 0.39313377811235517,
  "score:std": 0.4499733325431631,
  "stem": 0.6428571428571429,
  "stem:std": 0.4791574237499549,
  "humanities": 0.6422018348623854,
  "humanities:std": 0.47935231110506904,
  "social_sciences": 0.812807881773399,
  "social_sciences:std": 0.3900656728045153,
  "verbal_ece": 0.16120004653930664,
  "score": 0.718
}