{
  "other": 0.85,
  "other:std": 0.3570714214271425,
  "score:std": 0.4142463035441596,
  "stem": 0.6666666666666666,
  "stem:std": 0.4714045207910317,
  "humanities": 0.8,
  "humanities:std": 0.4,
  "social_sciences": 0.7916666666666666,
  "social_sciences:std": 0.40611643103370687,
  "score": 0.78
}