{
  "other": 0.6,
  "other:std": 0.48989794855663565,
  "score:std": 0.48989794855663565,
  "stem": 0.5,
  "stem:std": 0.5,
  "humanities": 0.5,
  "humanities:std": 0.5,
  "social_sciences": 1.0,
  "social_sciences:std": 0.0,
  "verbal_ece": 0.29499998688697815,
  "score": 0.6
}