{
  "other": 0.8495934959349594,
  "other:std": 0.35746942190902653,
  "score:std": 0.40370162248868907,
  "stem": 0.8303571428571429,
  "stem:std": 0.3753187420889947,
  "humanities": 0.7003058103975535,
  "humanities:std": 0.45812398138602106,
  "social_sciences": 0.8423645320197044,
  "social_sciences:std": 0.36439885731836313,
  "verbal_ece": 0.11586989462375641,
  "score": 0.795
}