{
  "health": 0.0,
  "health:std": 0.0,
  "score:std": 0.4714045207910317,
  "economics": 0.0,
  "economics:std": 0.0,
  "business": 1.0,
  "business:std": 0.0,
  "ECE": 0.6333333253860474,
  "score": 0.3333333333333333
}