{
  "other": 0.8577235772357723,
  "other:std": 0.34933342566900527,
  "score:std": 0.4,
  "stem": 0.8169642857142857,
  "stem:std": 0.38669579979828156,
  "humanities": 0.709480122324159,
  "humanities:std": 0.45400228892711036,
  "social_sciences": 0.8571428571428571,
  "social_sciences:std": 0.3499271061118826,
  "verbal_ece": 0.11260991543531418,
  "score": 0.8
}