{
  "other": 0.8739837398373984,
  "other:std": 0.33186768799814353,
  "score:std": 0.37118054905934933,
  "stem": 0.7767857142857143,
  "stem:std": 0.41640085058432214,
  "humanities": 0.8073394495412844,
  "humanities:std": 0.39438872037072803,
  "social_sciences": 0.896551724137931,
  "social_sciences:std": 0.30454347814923616,
  "verbal_ece": 0.08924983441829681,
  "score": 0.835
}