{
  "other": 0.3333333333333333,
  "other:std": 0.4714045207910317,
  "score:std": 0.4714045207910317,
  "ECE": 0.32600000500679016,
  "score": 0.3333333333333333
}