{
  "other": 0.625,
  "other:std": 0.4841229182759271,
  "score:std": 0.4422166387140533,
  "stem": 0.8333333333333334,
  "stem:std": 0.37267799624996495,
  "humanities": 0.75,
  "humanities:std": 0.4330127018922193,
  "social_sciences": 0.75,
  "social_sciences:std": 0.4330127018922193,
  "ECE": 0.1550000011920929,
  "score": 0.7333333333333333
}