{
  "other": 0.8373983739837398,
  "other:std": 0.3690018119645599,
  "score:std": 0.3720806364217305,
  "stem": 0.84375,
  "stem:std": 0.3630921887069453,
  "humanities": 0.7920489296636085,
  "humanities:std": 0.4058416226588158,
  "social_sciences": 0.8866995073891626,
  "social_sciences:std": 0.3169597624068062,
  "verbal_ece": 0.08155995607376099,
  "score": 0.834
}