{
  "other": 0.7682926829268293,
  "other:std": 0.42192302175624863,
  "score:std": 0.4282942913464993,
  "stem": 0.7366071428571429,
  "stem:std": 0.4404736767946294,
  "humanities": 0.7400611620795107,
  "humanities:std": 0.43860077343871035,
  "social_sciences": 0.7980295566502463,
  "social_sciences:std": 0.40147027706027955,
  "verbal_ece": 0.16141001880168915,
  "score": 0.758
}