{
  "other": 0.8455284552845529,
  "other:std": 0.36140017513646944,
  "score:std": 0.3609487498246808,
  "stem": 0.8526785714285714,
  "stem:std": 0.35442605047471054,
  "humanities": 0.8226299694189603,
  "humanities:std": 0.3819815477647066,
  "social_sciences": 0.8768472906403941,
  "social_sciences:std": 0.3286124153725698,
  "verbal_ece": 0.04964996129274368,
  "score": 0.846
}