{
  "other": 0.9186991869918699,
  "other:std": 0.27329652543043265,
  "score:std": 0.32843720861071746,
  "stem": 0.8705357142857143,
  "stem:std": 0.33571309840215574,
  "humanities": 0.8409785932721713,
  "humanities:std": 0.3656960471896452,
  "social_sciences": 0.8916256157635468,
  "social_sciences:std": 0.31085266136519213,
  "verbal_ece": 0.0781499445438385,
  "score": 0.877
}