{
  "other": 0.8658536585365854,
  "other:std": 0.34080947835322245,
  "score:std": 0.33957473404244903,
  "stem": 0.8794642857142857,
  "stem:std": 0.32558694056633625,
  "humanities": 0.8379204892966361,
  "humanities:std": 0.36852373453214926,
  "social_sciences": 0.9014778325123153,
  "social_sciences:std": 0.2980193785665847,
  "verbal_ece": 0.0492599755525589,
  "score": 0.867
}