{
  "other": 0.7032520325203252,
  "other:std": 0.4568244862924454,
  "score:std": 0.47057305490221174,
  "stem": 0.65625,
  "stem:std": 0.47495887979908324,
  "humanities": 0.617737003058104,
  "humanities:std": 0.48594032361072487,
  "social_sciences": 0.7241379310344828,
  "social_sciences:std": 0.44694763437295587,
  "verbal_ece": 0.1554400622844696,
  "score": 0.669
}