{
  "other": 0.65,
  "other:std": 0.47696960070847283,
  "score:std": 0.46647615158762396,
  "stem": 0.6666666666666666,
  "stem:std": 0.4714045207910317,
  "humanities": 0.6571428571428571,
  "humanities:std": 0.4746642207381757,
  "social_sciences": 0.75,
  "social_sciences:std": 0.4330127018922193,
  "verbal_ece": 0.14329998195171356,
  "score": 0.68
}