{
  "other": 0.8983739837398373,
  "other:std": 0.3021558688479371,
  "score:std": 0.331849363416596,
  "stem": 0.9107142857142857,
  "stem:std": 0.2851557039762734,
  "humanities": 0.8134556574923547,
  "humanities:std": 0.38954531287904826,
  "social_sciences": 0.9014778325123153,
  "social_sciences:std": 0.2980193785665847,
  "verbal_ece": 0.035179976373910904,
  "score": 0.874
}