{
  "other": 0.8089430894308943,
  "other:std": 0.39313377811235517,
  "score:std": 0.44600896851969246,
  "stem": 0.6473214285714286,
  "stem:std": 0.47780372192321136,
  "humanities": 0.6483180428134556,
  "humanities:std": 0.4774952964961916,
  "social_sciences": 0.8374384236453202,
  "social_sciences:std": 0.36896518839554693,
  "verbal_ece": 0.1510000079870224,
  "score": 0.726
}