{
  "is_correct": 0.11,
  "is_correct:std": 0.31288975694324034,
  "is_incorrect": 0.61,
  "is_incorrect:std": 0.4877499359302879,
  "is_not_attempted": 0.28,
  "is_not_attempted:std": 0.4489988864128729,
  "score:std": 0.31288975694324034,
  "verbal_ece": 0.4909999966621399,
  "score": 0.11
}