{
  "is_correct": 0.17,
  "is_correct:std": 0.375632799419859,
  "is_incorrect": 0.75,
  "is_incorrect:std": 0.4330127018922193,
  "is_not_attempted": 0.08,
  "is_not_attempted:std": 0.2712931993250107,
  "score:std": 0.375632799419859,
  "score": 0.17
}