{
  "is_correct": 0.20018492834026816,
  "is_correct:std": 0.40013862948441986,
  "is_incorrect": 0.551779935275081,
  "is_incorrect:std": 0.49731161086677683,
  "is_not_attempted": 0.24803513638465094,
  "is_not_attempted:std": 0.4318723277813694,
  "score:std": 0.40013862948441986,
  "ECE": 0.1911839246749878,
  "score": 0.20018492834026816
}