{
  "is_correct": 0.3333333333333333,
  "is_correct:std": 0.4714045207910317,
  "is_incorrect": 0.6666666666666666,
  "is_incorrect:std": 0.4714045207910317,
  "is_not_attempted": 0.0,
  "is_not_attempted:std": 0.0,
  "score:std": 0.4714045207910317,
  "ECE": 0.3246000111103058,
  "score": 0.3333333333333333
}