{
  "is_correct": 0.20018492834026816,
  "is_correct:std": 0.40013862948441986,
  "is_incorrect": 0.5538603791030976,
  "is_incorrect:std": 0.4970905949249801,
  "is_not_attempted": 0.2459546925566343,
  "is_not_attempted:std": 0.4306518103596057,
  "score:std": 0.40013862948441986,
  "ECE": 0.1931389421224594,
  "score": 0.20018492834026816
}