{
  "is_correct": 0.09,
  "is_correct:std": 0.2861817604250837,
  "is_incorrect": 0.87,
  "is_incorrect:std": 0.3363034344160047,
  "is_not_attempted": 0.04,
  "is_not_attempted:std": 0.19595917942265423,
  "score:std": 0.2861817604250837,
  "score": 0.09
}