{
  "is_correct": 0.18,
  "is_correct:std": 0.38418745424597095,
  "is_incorrect": 0.68,
  "is_incorrect:std": 0.466476151587624,
  "is_not_attempted": 0.14,
  "is_not_attempted:std": 0.34698703145794946,
  "score:std": 0.38418745424597095,
  "score": 0.18
}