{
  "is_correct": 0.29,
  "is_correct:std": 0.4537620521815371,
  "is_incorrect": 0.38,
  "is_incorrect:std": 0.48538644398046393,
  "is_not_attempted": 0.33,
  "is_not_attempted:std": 0.47021271782034985,
  "score:std": 0.4537620521815371,
  "verbal_ece": 0.23600001633167267,
  "score": 0.29
}