{
  "is_correct": 0.1,
  "is_correct:std": 0.30000000000000004,
  "is_incorrect": 0.7,
  "is_incorrect:std": 0.45825756949558394,
  "is_not_attempted": 0.2,
  "is_not_attempted:std": 0.4000000000000001,
  "score:std": 0.30000000000000004,
  "score": 0.1
}