{
  "is_correct": 0.1,
  "is_correct:std": 0.30000000000000004,
  "is_incorrect": 0.9,
  "is_incorrect:std": 0.30000000000000004,
  "is_not_attempted": 0.0,
  "is_not_attempted:std": 0.0,
  "score:std": 0.30000000000000004,
  "verbal_ece": 0.8100000023841858,
  "score": 0.1
}