{
  "is_correct": 0.15,
  "is_correct:std": 0.3570714214271425,
  "is_incorrect": 0.64,
  "is_incorrect:std": 0.48,
  "is_not_attempted": 0.21,
  "is_not_attempted:std": 0.4073082370883261,
  "score:std": 0.3570714214271425,
  "verbal_ece": 0.5189999341964722,
  "score": 0.15
}